product_id,title,category
fk-001,Strauss Resistance Bands Set (Pack of 5),Sports & Fitness
fk-002,Sapiens: A Brief History of Humankind,Books & Education
fk-003,JBL Tune 230NC TWS TWS Earbuds with Active Noise Cancellation,Electronics
fk-004,Lizol Disinfectant Surface Cleaner 975ml | Citrus,Grocery & Household
fk-005,MDH Biryani Masala 50g,Grocery & Household
fk-006,Asus TUF Gaming F15 Snapdragon 7c Gen 2 14 inch FHD Laptop (8GB/256GB SSD),Electronics
fk-007,Pigeon Omega Deluxe granite-coated Roti Tawa (24cm/28cm) | Sturdy Handle,Home & Kitchen
fk-008,MyProtein Raw Whey Isolate 500g (Rich Chocolate) | No Added Sugar,Sports & Fitness
fk-009,Prestige 500W Mixer Grinder | Stainless Steel Blades | 3 Jars | 2-Year Warranty,Home & Kitchen
fk-010,OnePlus 12R 5G 6GB/128GB - Silver,Electronics
fk-011,Slurrp Farm Baby Cereal Multigrain Cereal 300g,Baby & Kids
fk-012,Saffola Rice Bran Oil 1L | Heart-Healthy,Grocery & Household
fk-013,Butterfly 5L Hard Anodised Pressure Cooker - Induction Base | 10-Year Warranty,Home & Kitchen
fk-014,Boldfit Skipping Rope with Counter,Sports & Fitness
fk-015,Ishin Women's Straight Kurta with Palazzo & Dupatta Set (Maroon),Fashion
fk-016,Early Foods Baby Cereal Multigrain Cereal 300g,Baby & Kids
fk-017,"Campus Women's Walking Shoes (Coral Pink, UK 5)",Fashion
fk-018,Butterfly 750W Mixer Grinder | Stainless Steel Blades | 3 Jars | 2-Year Warranty,Home & Kitchen
fk-019,Ishin Rayon Flared Kurti for Women | Pure Cotton | Pink,Fashion
fk-020,Cello Stainless Steel Water Bottle 1L (Smoky Teal),Home & Kitchen
fk-021,NCERT Chemistry Concepts for JEE Main & Advanced (Latest Edition 2024-25),Books & Education
fk-022,NCERT Exemplar Problems-Solutions Mathematics Class 12 | Drishti,Books & Education
fk-023,Aashirvaad Kachi Ghani Mustard Oil 1L Bottle,Grocery & Household
fk-024,OnePlus Nord CE 3 Lite 5G (Blue) 12GB/256GB Storage | 120Hz AMOLED,Electronics
fk-025,Anni Designer Georgette Saree with Blouse Piece (Green),Fashion
fk-026,Rich Dad Poor Dad - 25th Anniversary Edition,Books & Education
fk-027,Classmate Long Notebook 172 Pages (Pack of 6),Baby & Kids
fk-028,Milton Omega Deluxe hard-anodised Wok (28cm) | Sturdy Handle,Home & Kitchen
fk-029,Milton Omega Deluxe granite-coated Tawa (28cm) | Sturdy Handle,Home & Kitchen
fk-030,Mivi Rock X1 Bluetooth Headset (Black),Electronics
fk-031,"POCO V29e 5G (Green, 8GB/256GB) | 50MP Triple Cam | 5000mAh",Electronics
fk-032,SIRIL Women's Cotton Blend Saree with Unstitched Blouse | Gold,Fashion
fk-033,L'Oreal onion hair fall shampoo (200ml) | SLS-Free | Paraben-Free,Beauty & Personal Care
fk-034,Mivi DuoPods A25 with Mic | 42H Playtime | IPX5 Water-Resistant (Smoky Teal),Electronics
fk-035,Ambrane 20000mAh Power Bank with 20W Fast Charging (Black),Electronics
fk-036,"Samsung Galaxy M34 5G (Silver, 8GB/128GB) | 50MP Triple Cam | 5000mAh",Electronics
fk-037,Pigeon Popular Hard Anodised Pressure Cooker 3L | ISI Certified,Home & Kitchen
fk-038,Lucent's General Knowledge (2024 Edition) | Pearson,Books & Education
fk-039,Tata Kachi Ghani Mustard Oil 1L Bottle,Grocery & Household
fk-040,MuscleBlaze Vitamin D3 + K2 Supplement 120 Capsules,Sports & Fitness
fk-041,AKS Women's Embroidered Kurti Pant Set - Navy Blue (Size Free Size),Fashion
fk-042,Strauss Hand Gripper 3-in-1 Set,Sports & Fitness
fk-043,Classmate Ball Pen Pack of 20 - Blue Ink,Baby & Kids
fk-044,L'Oreal anti-hair fall shampoo 340ml,Beauty & Personal Care
fk-045,Nestum Baby Cereal Organic Millet Porridge Mix 200g,Baby & Kids
fk-046,Lego Musical Learning Toy for Toddlers 12M+,Baby & Kids
fk-047,Amazon Brand - Solimo Stainless Steel Jar Set with Lid - 500ml + 750ml + 1L (Pack of 5),Home & Kitchen
fk-048,"Dell Inspiron 15 (AMD Ryzen 5 5500U, 16GB, 256GB SSD) Thin & Light Laptop",Electronics
fk-049,Redmi 13C 5G (Phantom Black) 6GB/128GB Storage | 120Hz AMOLED,Electronics
fk-050,Belkin Dual Port 67W Charger + Type-C/Lightning 1m Cable Combo,Electronics
fk-051,boAt 10000mAh Power Bank with 33W Fast Charging (Black),Electronics
fk-052,Word Power Made Easy (New Revised & Expanded Edition) | Arihant,Books & Education
fk-053,14000+ Objective Questions - General Studies | Pearson,Books & Education
fk-054,Camlin Oil Pastels 25 Shades,Baby & Kids
fk-055,It Ends with Us by Colleen Hoover,Books & Education
fk-056,Peter England Men Polo T-Shirt - Regular Fit | 100% Cotton | Coral Pink (Size M),Fashion
fk-057,Tata Refined Soyabean Oil 5L Can,Grocery & Household
fk-058,Preethi 500W Mixer Grinder with 3 Jars (White/Blue),Home & Kitchen
fk-059,Ishin Women's Straight Kurta with Palazzo & Dupatta Set (Teal),Fashion
fk-060,JBL Tune 230NC TWS TWS Earbuds with Active Noise Cancellation,Electronics
fk-061,Nivea Ultra-Light Aqua Gel Sunscreen SPF 50+ | 80ml | Water-Resistant,Beauty & Personal Care
fk-062,R for Rabbit Baby's First Rattle Set (Pack of 5),Baby & Kids
fk-063,Adidas Revolution 6 Running Shoe | Breathable Mesh | Rose Gold,Sports & Fitness
fk-064,Nike Revolution 6 Running Shoe | Breathable Mesh | Silver,Sports & Fitness
fk-065,Milton Glass Jar Set with Lid - 300ml/500ml/1000ml (Pack of 5),Home & Kitchen
fk-066,Solimo Stainless Steel Water Bottle 1.5L (Smoky Teal),Home & Kitchen
fk-067,Hawkins Omega Deluxe hard-anodised Roti Tawa (28cm) | Sturdy Handle,Home & Kitchen
fk-068,Sony WF-1000XM5 Bluetooth Headset (Coral Pink),Electronics
fk-069,Portronics 65W USB-C PD Charger Adapter | BIS Certified,Electronics
fk-070,Nivea colour protect shampoo 340ml,Beauty & Personal Care
fk-071,Fortune Cold Pressed Coconut Oil 500ml,Grocery & Household
fk-072,Preethi 750W Mixer Grinder with 4 Jars (White/Blue),Home & Kitchen
fk-073,Cetaphil moisturising day cream with SPF 30 (50ml),Beauty & Personal Care
fk-074,Borosil Flip-Lid Glass Bottle (500ml) Pack of 3,Home & Kitchen
fk-075,Tata Refined Soyabean Oil 5L Can,Grocery & Household
fk-076,Kore Hand Gripper 3-in-1 Set,Sports & Fitness
fk-077,"Bajaj Kadhai - Granite-Coated, 28cm, 3mm Thick Base",Home & Kitchen
fk-078,Hawkins Contura Stainless Steel Outer Lid Pressure Cooker (2L),Home & Kitchen
fk-079,Pampers Premium Pants Diapers - XL | 72 Count,Baby & Kids
fk-080,MuscleBlaze Multivitamin for Men (Pack of 60 Tablets),Sports & Fitness
fk-081,Samsung Galaxy Fit 3 | BT Calling | 100+ Sports Modes | SpO2 (Midnight Blue),Electronics
fk-082,Decathlon Flexagon Energy 4 Men's Training Shoes - Starlight (UK 8),Sports & Fitness
fk-083,Early Foods Baby Cereal Organic Millet Porridge Mix 200g,Baby & Kids
fk-084,Lakme Vitamin C face cream (100ml),Beauty & Personal Care
fk-085,Samsung Galaxy Watch 6 Smart Watch with Heart Rate Monitor & IP68,Electronics
fk-086,Tata Cold Pressed Coconut Oil 500ml,Grocery & Household
fk-087,US Polo Men's Slim Fit full-sleeve Round Neck T-Shirt (Coral Pink),Fashion
fk-088,Saara Cotton Blend Saree (Green),Fashion
fk-089,Vim Toilet Cleaner 500ml (Pack of 2),Grocery & Household
fk-090,Ambrane Micro-USB 2m Braided Cable | 3A Fast Charging,Electronics
fk-091,Borosil Plastic Jar Set with Lid - 300ml/500ml/1000ml (Pack of 5),Home & Kitchen
fk-092,Solimo Flip-Lid Thermosteel Bottle (500ml) Pack of 3,Home & Kitchen
fk-093,S. Chand Data Structures & Algorithms in C++ | CBSE Syllabus | With MCQs,Books & Education
fk-094,Libas Women's Straight Kurta with Palazzo & Dupatta Set (Peach),Fashion
fk-095,Acer Aspire 3 Intel Core i5-12450H 13.3 inch FHD Laptop (32GB/512GB SSD),Electronics
fk-096,Mamaearth Ultra-Light Aqua Gel Sunscreen SPF 50+ | 50ml | Water-Resistant,Beauty & Personal Care
fk-097,Nivea colour protect shampoo (200ml) | SLS-Free | Paraben-Free,Beauty & Personal Care
fk-098,Spykar Men Skinny Fit Mid-Rise Denim Jeans | Cotton Blend,Fashion
fk-099,L'Oreal anti-wrinkle night cream (100ml),Beauty & Personal Care
fk-100,Cetaphil UV Protect Sunscreen Lotion SPF 30 PA+++ (120ml),Beauty & Personal Care
fk-101,It Ends with Us by Colleen Hoover,Books & Education
fk-102,WOW Life Science Vitamin D3 + K2 Supplement 120 Capsules,Sports & Fitness
fk-103,Solimo Tritan Plastic Water Bottle 1L (Rose Gold),Home & Kitchen
fk-104,Adidas Yoga Mat 10mm Anti-Skid | EVA Material (Purple),Sports & Fitness
fk-105,Sparx Unisex-Adult Walking Shoes | Lace-Up | Lightweight (Green),Fashion
fk-106,"HP 14s (Apple M2, 8GB, 512GB SSD) Thin & Light Laptop",Electronics
fk-107,Mamaearth UV Protect Sunscreen Lotion SPF 50+ PA+++ (120ml),Beauty & Personal Care
fk-108,Optimum Nutrition Whey Protein 1kg - Cafe Mocha | 25g Protein/Serving,Sports & Fitness
fk-109,boAt Dual Port 33W Charger + Type-C/Lightning 1m Cable Combo,Electronics
fk-110,Cetaphil Ultra-Light Aqua Gel Sunscreen SPF 50 | 50ml | Water-Resistant,Beauty & Personal Care
fk-111,Samsung Galaxy M14 5G (Starlight) 6GB/128GB Storage | 120Hz AMOLED,Electronics
fk-112,Word Power Made Easy (New Revised & Expanded Edition) | Arihant,Books & Education
fk-113,Nike Unisex-Adult Running Shoes | Lace-Up | Lightweight (Phantom Black),Fashion
fk-114,Roadster Men's Regular Fit Stretchable Jeans - Mid-Rise (Size 30),Fashion
fk-115,Pigeon Popular Hard Anodised Pressure Cooker 3L | ISI Certified,Home & Kitchen
fk-116,Lakme anti-wrinkle night cream (25ml),Beauty & Personal Care
fk-117,"Sparx Women's Walking Shoes (Maroon, UK 6)",Fashion
fk-118,Fridge Buddy Tritan Plastic Water Bottle 500ml (Silver),Home & Kitchen
fk-119,"Vivo Edge 40 Neo 5G (Smoky Teal, 8GB/128GB) | 50MP Triple Cam | 5000mAh",Electronics
fk-120,Strauss TPE Yoga Mat 10mm with Carry Strap - Eco Friendly (Green),Sports & Fitness
fk-121,Toyshine Building Blocks Set 100+ Pieces | Ages 3-8,Baby & Kids
fk-122,Philips Rex 600W 4-Jar Mixer Grinder - #1 Best Seller,Home & Kitchen
fk-123,Samsung Galaxy S24 Ultra 8GB/128GB - Coral Pink,Electronics
fk-124,Milton hard-anodised Fry Pan 28cm with Induction Base,Home & Kitchen
fk-125,"Anouk Cotton Blend Kurta Dupatta Set - Printed (Maroon, Size M)",Fashion
fk-126,"Anouk Women Ethnic Printed Cotton Kurti (Navy Blue, M)",Fashion
fk-127,Anouk Women's Anarkali Kurti - Pink (Size M),Fashion
fk-128,Biotique UV Protect Sunscreen Lotion SPF 50 PA+++ (120ml),Beauty & Personal Care
fk-129,NCERT Data Structures & Algorithms in C++ (Latest Edition 2024-25),Books & Education
fk-130,Sony WF-1000XM5 TWS Earbuds with Active Noise Cancellation,Electronics
fk-131,"Biba Women Ethnic Anarkali Kurti (Navy Blue, XL)",Fashion
fk-132,Wild Stone Fresh Aqua Body Spray 120ml (Pack of 2),Beauty & Personal Care
fk-133,MyProtein Biozyme Performance Whey 1kg - Vanilla Ice Cream,Sports & Fitness
fk-134,Lifelong Hand Gripper 3-in-1 Set,Sports & Fitness
fk-135,"Anouk Women Ethnic A-Line Kurti with Palazzo Set (Red, XL)",Fashion
fk-136,Janasya Women's Straight Kurta with Palazzo & Dupatta Set (Maroon),Fashion
fk-137,Mivi Rock X1 Bluetooth Headset (White),Electronics
fk-138,MeeMee Musical Learning Toy for Toddlers 12M+,Baby & Kids
fk-139,"Redmi A3 (Smoky Teal, 8GB/256GB)",Electronics
fk-140,"Decathlon Men's Ultraboost Running Shoes (Green, UK 8)",Sports & Fitness
fk-141,Mamaearth hydrating gel cream (100ml),Beauty & Personal Care
fk-142,Bajaj Rex 1000W 4-Jar Mixer Grinder - #1 Best Seller,Home & Kitchen
fk-143,Aashirvaad Cold Pressed Coconut Oil 500ml,Grocery & Household
fk-144,Acer Aspire 3 Intel Core i3-1215U 15.6 inch FHD Laptop (32GB/1TB SSD),Electronics
fk-145,SIRIL Kanjivaram Art Silk Saree (Magenta),Fashion
fk-146,Butterfly Popular Hard Anodised Pressure Cooker 5L | ISI Certified,Home & Kitchen
fk-147,MDH Meat Masala 100g,Grocery & Household
fk-148,Milton Plastic Jar Set with Lid - 250ml/500ml (Pack of 5),Home & Kitchen
fk-149,Hawkins Contura Hard Anodised Outer Lid Pressure Cooker (7.5L),Home & Kitchen
fk-150,realme 11 Pro+ 5G (Blue) 4GB/64GB Storage | 120Hz AMOLED,Electronics
fk-151,Biotique colour protect shampoo 340ml,Beauty & Personal Care
fk-152,Prestige Popular Stainless Steel Pressure Cooker 7.5L | ISI Certified,Home & Kitchen
fk-153,"AKS Women Ethnic Anarkali Kurti (Teal, XL)",Fashion
fk-154,The Alchemist (Paulo Coelho) 25th Anniversary Edition,Books & Education
fk-155,The Alchemist (Paulo Coelho) 25th Anniversary Edition,Books & Education
fk-156,Samsung Galaxy Fit 3 Smartwatch with 1.85 inch HD Display (Smoky Teal),Electronics
fk-157,"realme GT Neo 5 SE (Red, 12GB/256GB)",Electronics
fk-158,Doms Mechanical Pencil 0.5mm (Pack of 5),Baby & Kids
fk-159,Puma Men's Sports Shoes - Lavender (UK 6),Fashion
fk-160,Levi's Men Tapered Fit High-Rise Denim Jeans | Cotton Blend,Fashion
fk-161,WOW Life Science Apple Cider Vinegar Effervescent Tablets (Pack of 15),Sports & Fitness
fk-162,Everest Red Chilli Powder 500g,Grocery & Household
fk-163,Badshah Sambhar Masala 100g | South Indian Special,Grocery & Household
fk-164,Solimo Flip-Lid Stainless Steel Bottle (2L) Pack of 3,Home & Kitchen
fk-165,Milton hard-anodised Fry Pan 30cm with Induction Base,Home & Kitchen
fk-166,Pepe Jeans Men's Regular Fit Stretchable Jeans - Light Wash (Size 36),Fashion
fk-167,Samsung 10000mAh Power Bank with 20W Fast Charging (Black),Electronics
fk-168,Nike Unisex-Adult Casual Shoes | Lace-Up | Lightweight (Silver),Fashion
fk-169,Decathlon Resistance Bands Set (Pack of 5),Sports & Fitness
fk-170,Optimum Nutrition Whey Protein 500g - Vanilla Ice Cream | 25g Protein/Serving,Sports & Fitness
fk-171,Fast Track Objective Arithmetic | Drishti,Books & Education
fk-172,"Cello Kadhai - Granite-Coated, 28cm, 3mm Thick Base",Home & Kitchen
fk-173,Portronics 20000mAh Power Bank with 22.5W Fast Charging (Black),Electronics
fk-174,Bajaj granite-coated Roti Tawa 28cm with Induction Base,Home & Kitchen
fk-175,Allen Solly Men Striped T-Shirt - Slim Fit | 100% Cotton | Phantom Black (Size M),Fashion
fk-176,Domex Scrub Pad (Pack of 3) - 3M Non-Scratch,Grocery & Household
fk-177,Himalaya Premium Pants Diapers - Medium (M) | 36 Count,Baby & Kids
fk-178,Ishin Kanjivaram Art Silk Saree - Festive Wear (Cream) #1 Best Seller,Fashion
fk-179,Peter England Men's Oversized sleeveless Polo T-Shirt (Maroon),Fashion
fk-180,mCaffeine colour protect shampoo (100ml) | SLS-Free | Paraben-Free,Beauty & Personal Care
fk-181,Faber-Castell Ball Pen Pack of 20 - Blue Ink,Baby & Kids
fk-182,HP 14s 13.3 inch Laptop | Intel Core i7-12650H | 8GB RAM | 256GB SSD | Windows 11,Electronics
fk-183,POCO Edge 40 Neo 5G 12GB/256GB - Red,Electronics
fk-184,Cello Glass Storage Container Set (250ml/500ml) - Pack of 3,Home & Kitchen
fk-185,"realme Narzo N53 (Lavender, 4GB/64GB) | 50MP Triple Cam | 5000mAh",Electronics
fk-186,MDH Sambhar Masala 100g | South Indian Special,Grocery & Household
fk-187,Cetaphil UV Protect Sunscreen Lotion SPF 50 PA+++ (50ml),Beauty & Personal Care
fk-188,Puma Men Round Neck T-Shirt - Regular Fit | 100% Cotton | Red (Size XL),Fashion
fk-189,Adidas Yoga Mat 10mm Anti-Skid | EVA Material (Purple),Sports & Fitness
fk-190,Sony WF-C500 with Mic | 42H Playtime | IPX5 Water-Resistant (Maroon),Electronics
fk-191,HP 14s 15.6 inch Laptop | Intel Core i5-1235U | 8GB RAM | 512GB SSD | Windows 11,Electronics
fk-192,Faber-Castell Oil Pastels 25 Shades,Baby & Kids
fk-193,Everest Meat Masala 100g,Grocery & Household
fk-194,Lakme colour protect shampoo (200ml) | SLS-Free | Paraben-Free,Beauty & Personal Care
fk-195,Tata Kachi Ghani Mustard Oil 1L Bottle,Grocery & Household
fk-196,Cetaphil moisturising day cream with SPF 30 (50ml),Beauty & Personal Care
fk-197,iQOO Z7 Pro 5G 4GB/64GB - Lavender,Electronics
fk-198,Asus Zenbook 14 13.3 inch Laptop | Apple M2 | 8GB RAM | 1TB SSD | Windows 11,Electronics
fk-199,MuscleBlaze Whey Protein 500g - Rich Chocolate | 25g Protein/Serving,Sports & Fitness
fk-200,Sparx Unisex-Adult Sports Shoes | Lace-Up | Lightweight (Green),Fashion
fk-201,Kore Adjustable Dumbbell Set 20kg,Sports & Fitness
fk-202,Bata Men's Walking Shoes - Red (UK 10),Fashion
fk-203,Nivea anti-hair fall shampoo (100ml) | SLS-Free | Paraben-Free,Beauty & Personal Care
fk-204,Fortune Extra Virgin Olive Oil 500ml,Grocery & Household
fk-205,Milton Glass Jar Set with Lid - 250ml/500ml (Pack of 5),Home & Kitchen
fk-206,A Modern Approach to Verbal & Non-Verbal Reasoning | Drishti,Books & Education
fk-207,Butterfly 750W Mixer Grinder with 3 Jars (White/Blue),Home & Kitchen
fk-208,Noise Pulse 2 Max | BT Calling | 100+ Sports Modes | SpO2 (Silver),Electronics
fk-209,Motorola Edge 40 Neo 5G (Grey) 8GB/256GB Storage | 120Hz AMOLED,Electronics
fk-210,"Decathlon Men's Ultraboost Running Shoes (Rose Gold, UK 10)",Sports & Fitness
fk-211,HRX Men's Oversized half-sleeve Polo T-Shirt (Coral Pink),Fashion
fk-212,Samsung Galaxy Fit 3 | BT Calling | 100+ Sports Modes | SpO2 (Smoky Teal),Electronics
fk-213,"Adidas Men's Ultraboost Running Shoes (Rose Gold, UK 9)",Sports & Fitness
fk-214,Roadster Men Printed T-Shirt - Oversized | 100% Cotton | Blue (Size XXL),Fashion
fk-215,Quantitative Aptitude for Competitive Examinations | S. Chand,Books & Education
fk-216,MamyPoko Premium Pants Diapers - New Born (NB) | 72 Count,Baby & Kids
fk-217,Cetaphil anti-hair fall shampoo 340ml,Beauty & Personal Care
fk-218,"iQOO Z7 Pro 5G (Rose Gold, 6GB/128GB)",Electronics
fk-219,Domex Floor Cleaner 1L | Pine Fresh,Grocery & Household
fk-220,"Libas Women Ethnic Anarkali Kurti (Red, M)",Fashion
fk-221,"Prestige Dosa Tawa - Non-Stick, 24cm/28cm, 3mm Thick Base",Home & Kitchen
fk-222,Set Wet CEO Perfume for Women's (100ml),Beauty & Personal Care
fk-223,Huggies Premium Pants Diapers - Large (L) | 84 Count,Baby & Kids
fk-224,Portronics 65W Fast Charger with Micro-USB Cable (Pack of 1),Electronics
fk-225,Fisher-Price Musical Learning Toy for Toddlers 12M+,Baby & Kids
fk-226,"W Women Ethnic A-Line Kurti with Palazzo Set (Red, Free Size)",Fashion
fk-227,"Samsung Galaxy A05s (Rose Gold, 8GB/128GB) | 50MP Triple Cam | 5000mAh",Electronics
fk-228,Milton Stainless Steel Storage Container Set (500ml + 750ml + 1L) - Pack of 3,Home & Kitchen
fk-229,"Redmi Note 13 Pro+ 5G (Silver, 4GB/64GB) | 50MP Triple Cam | 5000mAh",Electronics
fk-230,US Polo Men's Regular Fit half-sleeve Round Neck T-Shirt (Silver),Fashion
fk-231,Strauss Ab Roller Wheel with Knee Pad,Sports & Fitness
fk-232,R for Rabbit Kitchen Play Set 30+ Accessories | BPA Free,Baby & Kids
fk-233,A Modern Approach to Verbal & Non-Verbal Reasoning | S. Chand,Books & Education
fk-234,Catch Garam Masala 100g,Grocery & Household
fk-235,Fridge Buddy Glass Flask 500ml - Hot & Cold 24H | BPA Free,Home & Kitchen
fk-236,Preethi Rex 500W 4-Jar Mixer Grinder - #1 Best Seller,Home & Kitchen
fk-237,Amway Nutrilite Biozyme Performance Whey 4kg - Rich Chocolate,Sports & Fitness
fk-238,Lakme hydrating gel cream (25ml),Beauty & Personal Care
fk-239,"MuscleBlaze Men's Ultraboost Running Shoes (Green, UK 9)",Sports & Fitness
fk-240,Pigeon Contura Hard Anodised Outer Lid Pressure Cooker (5L),Home & Kitchen
fk-241,POCO POCO M6 Pro 5G 8GB/256GB - Lavender,Electronics
fk-242,AmazonBasics Type-C to Lightning Cable 2m - 480Mbps Data Transfer | PVC (Black),Electronics
fk-243,Pepe Jeans Men's Slim Fit Stretchable Jeans - High-Rise (Size 32),Fashion
fk-244,Sony WH-1000XM5 Bluetooth Headset (Maroon),Electronics
fk-245,Realme Buds T300 TWS Earbuds with Active Noise Cancellation,Electronics
fk-246,Ishin Chiffon Printed Saree - Festive Wear (Green) #1 Best Seller,Fashion
fk-247,Anni Designer Linen Blend Saree with Running Blouse - Festive Wear (Magenta) #1 Best Seller,Fashion
fk-248,14000+ Objective Questions - General Studies | Pearson,Books & Education
fk-249,Prestige Popular Stainless Steel Pressure Cooker 7.5L | ISI Certified,Home & Kitchen
fk-250,GNC Apple Cider Vinegar Effervescent Tablets (Pack of 15),Sports & Fitness
fk-251,"OnePlus 11R 5G (Red, 8GB/128GB) | 50MP Triple Cam | 5000mAh",Electronics
fk-252,Amway Nutrilite Raw Whey Isolate 1kg (Cafe Mocha) | No Added Sugar,Sports & Fitness
fk-253,HealthKart Vitamin D3 + K2 Supplement 120 Capsules,Sports & Fitness
fk-254,Harpic Floor Cleaner 1L | Pine Fresh,Grocery & Household
fk-255,"Pampers All-Round Protection Diaper Pants (Medium (M), 114 Pieces)",Baby & Kids
fk-256,mCaffeine Vitamin C face cream (25ml),Beauty & Personal Care
fk-257,Fortune Rice Bran Oil 1L | Heart-Healthy,Grocery & Household
fk-258,Puma Revolution 6 Running Shoe | Breathable Mesh | Silver,Sports & Fitness
fk-259,Noise Pulse 2 Max Smartwatch with 1.85 inch HD Display (Smoky Teal),Electronics
fk-260,Nivea anti-aging cream with Retinol (100ml),Beauty & Personal Care
fk-261,Skechers Men's Sports Shoes - Red (UK 6),Fashion
fk-262,Pampers Premium Pants Diapers - Large (L) | 84 Count,Baby & Kids
fk-263,Eastern Sambhar Masala 100g | South Indian Special,Grocery & Household
fk-264,Solimo Stainless Steel Water Bottle 1.5L (Black),Home & Kitchen
fk-265,Scotch-Brite Scrub Pad (Pack of 3) - 3M Non-Scratch,Grocery & Household
fk-266,The Kite Runner (Paperback),Books & Education
fk-267,"Motorola Edge 40 Neo 5G (Grey, 8GB/128GB) | 50MP Triple Cam | 5000mAh",Electronics
fk-268,Noise Buds VS104 with Mic | 42H Playtime | IPX5 Water-Resistant (Coral Pink),Electronics
fk-269,Portronics 18W USB-C PD Charger Adapter | BIS Certified,Electronics
fk-270,SIRIL Banarasi Silk Saree - Festive Wear (Cream) #1 Best Seller,Fashion
fk-271,Wild Stone Luxury Oud Perfume for Women's (100ml),Beauty & Personal Care
fk-272,Allen Solly Men's Oversized sleeveless Polo T-Shirt (Green),Fashion
fk-273,Lakme onion hair fall shampoo 650ml,Beauty & Personal Care
fk-274,NCERT Data Structures & Algorithms in C++ | CBSE Syllabus | With MCQs,Books & Education
fk-275,Mimosa Women's Georgette Saree with Blouse Piece with Unstitched Blouse | Green,Fashion
fk-276,14000+ Objective Questions - General Studies | McGraw Hill,Books & Education
fk-277,Noise ColorFit Pro 4 TWS Earbuds with Active Noise Cancellation,Electronics
fk-278,MuscleBlaze Revolution 6 Running Shoe | Breathable Mesh | Phantom Black,Sports & Fitness
fk-279,Harpic Scrub Pad (Pack of 3) - 3M Non-Scratch,Grocery & Household
fk-280,Pearson Chemistry Concepts for JEE Main & Advanced (Latest Edition 2024-25),Books & Education
fk-281,Borosil Glass Flask 1.5L - Hot & Cold 24H | BPA Free,Home & Kitchen
fk-282,NCERT Physics Part-I Class 11 | CBSE Syllabus | With MCQs,Books & Education
fk-283,Bella Vita Fresh Aqua Perfume for Women's (120ml),Beauty & Personal Care
fk-284,Everest Garam Masala 100g,Grocery & Household
fk-285,Funskool Building Blocks Set 100+ Pieces | Ages 3-8,Baby & Kids
fk-286,"Biba Cotton Blend Kurta Dupatta Set - Printed (Mustard, Size XL)",Fashion
fk-287,Libas Women's A-Line Kurti with Palazzo Set - Red (Size M),Fashion
fk-288,Pigeon Contura Hard Anodised Outer Lid Pressure Cooker (7.5L),Home & Kitchen
fk-289,Amazon Basics TPE Yoga Mat 8mm with Carry Strap - Eco Friendly (Grey),Sports & Fitness
fk-290,Cello Tritan Plastic Flask 750ml - Hot & Cold 24H | BPA Free,Home & Kitchen
fk-291,Borosil Plastic Jar Set with Lid - 250ml/500ml (Pack of 5),Home & Kitchen
fk-292,Bella Vita Fresh Aqua Perfume for Women's (120ml),Beauty & Personal Care
fk-293,HP 14s Intel Core i5-1235U 14 inch FHD Laptop (8GB/1TB SSD),Electronics
fk-294,Cengage Organic Chemistry (Morrison & Boyd) (Latest Edition 2024-25),Books & Education
fk-295,Hawkins Popular Hard Anodised Pressure Cooker 7.5L | ISI Certified,Home & Kitchen
fk-296,Levi's Men's Skinny Fit Stretchable Jeans - High-Rise (Size 34),Fashion
fk-297,Huggies Premium Pants Diapers - New Born (NB) | 84 Count,Baby & Kids
fk-298,Saara Georgette Saree with Blouse Piece - Festive Wear (Green) #1 Best Seller,Fashion
fk-299,Prestige 750W Mixer Grinder with 4 Jars (White/Blue),Home & Kitchen
fk-300,Levi's Men's Regular Fit Stretchable Jeans - Dark Wash (Size 34),Fashion
fk-301,Set Wet Date Night Eau de Parfum - 50ml | For Men,Beauty & Personal Care
fk-302,Strauss Push-Up Board 9-in-1 Body Building,Sports & Fitness
fk-303,Bajaj Rex 1000W 4-Jar Mixer Grinder - #1 Best Seller,Home & Kitchen
fk-304,R for Rabbit Kitchen Play Set 30+ Accessories | BPA Free,Baby & Kids
fk-305,Milton Glass Flask 1.5L - Hot & Cold 24H | BPA Free,Home & Kitchen
fk-306,Amazon Basics Yoga Mat 4mm Anti-Skid | EVA Material (Grey),Sports & Fitness
fk-307,Ishin A-Line Kurti with Palazzo Set for Women | Pure Cotton | Green,Fashion
fk-308,Roadster Men Striped T-Shirt - Slim Fit | 100% Cotton | Red (Size S),Fashion
fk-309,Adidas Yoga Mat 10mm Anti-Skid | EVA Material (Pink),Sports & Fitness
fk-310,Samsung Galaxy A15 5G (Coral Pink) 8GB/256GB Storage | 120Hz AMOLED,Electronics
fk-311,HP 14s Intel Core i7-12650H 14 inch FHD Laptop (8GB/1TB SSD),Electronics
fk-312,"Samsung Galaxy F15 5G (Smoky Teal, 6GB/128GB) | 50MP Triple Cam | 5000mAh",Electronics
fk-313,Cello Long Notebook 172 Pages (Pack of 6),Baby & Kids
fk-314,Lifelong Ab Roller Wheel with Knee Pad,Sports & Fitness
fk-315,Anouk Women's Straight Kurta with Palazzo & Dupatta Set (Maroon),Fashion
fk-316,Harpic Dishwash Liquid Gel 750ml - Lemon,Grocery & Household
fk-317,AmazonBasics USB-C Cable 2m - 480Mbps Data Transfer | PVC (Black),Electronics
fk-318,Rich Dad Poor Dad - 25th Anniversary Edition,Books & Education
fk-319,Amazon Basics Yoga Mat 6mm Anti-Skid | EVA Material (Purple),Sports & Fitness
fk-320,Amway Nutrilite Raw Whey Isolate 4kg (Double Chocolate) | No Added Sugar,Sports & Fitness
fk-321,AmazonBasics Micro-USB 1m Braided Cable | 3A Fast Charging,Electronics
fk-322,Atomic Habits by James Clear,Books & Education
fk-323,"HP 15s (AMD Ryzen 7 5800H, 8GB, 256GB SSD) Thin & Light Laptop",Electronics
fk-324,"Decathlon Men's Ultraboost Running Shoes (Coral Pink, UK 8)",Sports & Fitness
fk-325,Early Foods Baby Cereal Multigrain Cereal 300g,Baby & Kids
fk-326,Cerelac Baby Cereal Multigrain Cereal 300g,Baby & Kids
fk-327,Fast Track Objective Arithmetic | S. Chand,Books & Education
fk-328,Laxmi Publications Mathematics Class 12 | CBSE Syllabus | With MCQs,Books & Education
fk-329,Slurrp Farm Baby Cereal Organic Millet Porridge Mix 200g,Baby & Kids
fk-330,The Alchemist (Paulo Coelho) 25th Anniversary Edition,Books & Education
fk-331,Word Power Made Easy (New Revised & Expanded Edition) | Arihant,Books & Education
fk-332,Anouk Embroidered Kurti Pant Set for Women | Pure Cotton | Navy Blue,Fashion
fk-333,Ishin Women's Georgette Saree with Blouse Piece with Unstitched Blouse | Cream,Fashion
fk-334,"MSI Modern 14 (Intel Core i5-1235U, 8GB, 512GB SSD) Thin & Light Laptop",Electronics
fk-335,Pepe Jeans Men's Tapered Fit Stretchable Jeans - Dark Wash (Size 34),Fashion
fk-336,"Pampers All-Round Protection Diaper Pants (Medium (M), 72 Pieces)",Baby & Kids
fk-337,Engage Intense Body Spray 100ml (Pack of 2),Beauty & Personal Care
fk-338,Anouk A-Line Kurti with Palazzo Set for Women | Pure Cotton | Green,Fashion
fk-339,Skechers Unisex-Adult Walking Shoes | Lace-Up | Lightweight (Blue),Fashion
fk-340,Ambrane 10000mAh Power Bank with 20W Fast Charging (Black),Electronics
fk-341,boAt Micro-USB Cable 3m - 480Mbps Data Transfer | PVC (Black),Electronics
fk-342,Pepe Jeans Men Regular Fit High-Rise Denim Jeans | Cotton Blend,Fashion
fk-343,Lizol Dishwash Liquid Gel 750ml - Lemon,Grocery & Household
fk-344,Saffola Rice Bran Oil 1L | Heart-Healthy,Grocery & Household
fk-345,JBL Wave Beam TWS Earbuds with Active Noise Cancellation,Electronics
fk-346,Lenovo V15 15.6 inch Laptop | Intel Core i5-12450H | 32GB RAM | 1TB SSD | Windows 11,Electronics
fk-347,Bajaj Rex 750W 3-Jar Mixer Grinder - #1 Best Seller,Home & Kitchen
fk-348,Borosil Glass Jar Set with Lid - 250ml/500ml (Pack of 5),Home & Kitchen
fk-349,Aashirvaad Cold Pressed Coconut Oil 500ml,Grocery & Household
fk-350,Samsung Galaxy Fit 3 | BT Calling | 100+ Sports Modes | SpO2 (Green),Electronics
fk-351,Decathlon TPE Yoga Mat 6mm with Carry Strap - Eco Friendly (Grey),Sports & Fitness
fk-352,Slurrp Farm Baby Cereal Wheat Rice Mixed Fruit Stage 3,Baby & Kids
fk-353,Mamaearth Vitamin C face cream (25ml),Beauty & Personal Care
fk-354,"JBL Tune 230NC TWS in-Ear Wireless Earbuds, 6mm Drivers",Electronics
fk-355,Anouk Women's Straight Kurta with Palazzo & Dupatta Set (Mustard),Fashion
fk-356,MuscleBlaze Flexagon Energy 4 Men's Training Shoes - Blue (UK 10),Sports & Fitness
fk-357,It Ends with Us by Colleen Hoover,Books & Education
fk-358,Butterfly Contura Aluminium Outer Lid Pressure Cooker (5L),Home & Kitchen
fk-359,Scotch-Brite Scrub Pad (Pack of 3) - 3M Non-Scratch,Grocery & Household
fk-360,Engage CEO Body Spray 120ml (Pack of 2),Beauty & Personal Care
fk-361,A Modern Approach to Verbal & Non-Verbal Reasoning | McGraw Hill,Books & Education
fk-362,"Puma Women's Running Shoes (Smoky Teal, UK 5)",Fashion
fk-363,Fisher-Price Baby's First Rattle Set (Pack of 5),Baby & Kids
fk-364,Lakme UV Protect Sunscreen Lotion SPF 50 PA+++ (50ml),Beauty & Personal Care
fk-365,Adidas TPE Yoga Mat 4mm with Carry Strap - Eco Friendly (Purple),Sports & Fitness
fk-366,Borosil Flip-Lid Tritan Plastic Bottle (750ml) Pack of 3,Home & Kitchen
fk-367,Solimo Flip-Lid Glass Bottle (1L) Pack of 3,Home & Kitchen
fk-368,"Nivia Men's Ultraboost Running Shoes (Red, UK 8)",Sports & Fitness
fk-369,Prestige Popular Stainless Steel Pressure Cooker 5L | ISI Certified,Home & Kitchen
fk-370,NCERT Data Structures & Algorithms in C++ (Latest Edition 2024-25),Books & Education
fk-371,Cello Mechanical Pencil 0.5mm (Pack of 5),Baby & Kids
fk-372,Tata Sampann Turmeric Powder 200g,Grocery & Household
fk-373,Puma Men's Sports Shoes - Starlight (UK 7),Fashion
fk-374,Fogg Night Rider Body Spray 50ml (Pack of 2),Beauty & Personal Care
fk-375,mCaffeine Ultra-Light Aqua Gel Sunscreen SPF 30 | 50ml | Water-Resistant,Beauty & Personal Care
fk-376,Aashirvaad Rice Bran Oil 1L | Heart-Healthy,Grocery & Household
fk-377,Mi 18W USB-C PD Charger Adapter | BIS Certified,Electronics
fk-378,Boldfit Push-Up Board 9-in-1 Body Building,Sports & Fitness
fk-379,Butterfly Contura Aluminium Outer Lid Pressure Cooker (2L),Home & Kitchen
fk-380,"Bajaj Kadhai - Hard-Anodised, 30cm, 3mm Thick Base",Home & Kitchen
fk-381,Catch Red Chilli Powder 500g,Grocery & Household
fk-382,Boldfit Resistance Bands Set (Pack of 5),Sports & Fitness
fk-383,"Prestige Roti Tawa - Granite-Coated, 24cm, 3mm Thick Base",Home & Kitchen
fk-384,MeeMee Kitchen Play Set 30+ Accessories | BPA Free,Baby & Kids
fk-385,Maharaja Whiteline 1000W Mixer Grinder with 4 Jars (White/Blue),Home & Kitchen
fk-386,Saara Women's Kanjivaram Art Silk Saree with Unstitched Blouse | Gold,Fashion
fk-387,Belkin 45W USB-C PD Charger Adapter | BIS Certified,Electronics
fk-388,mCaffeine UV Protect Sunscreen Lotion SPF 50+ PA+++ (120ml),Beauty & Personal Care
fk-389,Biotique Ultra-Light Aqua Gel Sunscreen SPF 50 | 50ml | Water-Resistant,Beauty & Personal Care
fk-390,"Ishin Women Ethnic Embroidered Kurti Pant Set (Pink, XL)",Fashion
fk-391,"Puma Men's Ultraboost Running Shoes (Red, UK 10)",Sports & Fitness
fk-392,Dettol Disinfectant Surface Cleaner 975ml | Citrus,Grocery & Household
fk-393,boAt USB-C to USB-C 3m Braided Cable | 3A Fast Charging,Electronics
fk-394,MamyPoko Premium Pants Diapers - Small (S) | 36 Count,Baby & Kids
fk-395,S. Chand Physics Part-I Class 11 | CBSE Syllabus | With MCQs,Books & Education
fk-396,Bella Vita Night Rider Perfume for Women's (100ml),Beauty & Personal Care
fk-397,Cengage Data Structures & Algorithms in C++ | CBSE Syllabus | With MCQs,Books & Education
fk-398,Portronics 10000mAh Power Bank with 22.5W Fast Charging (Black),Electronics
fk-399,Roadster Men's Tapered Fit Stretchable Jeans - High-Rise (Size 34),Fashion
fk-400,Pepe Jeans Men Tapered Fit Dark Wash Denim Jeans | Cotton Blend,Fashion
fk-401,Decathlon Adjustable Dumbbell Set 20kg,Sports & Fitness
fk-402,Strauss Adjustable Dumbbell Set 20kg,Sports & Fitness
fk-403,"Lenovo V15 (Apple M2, 32GB, 1TB SSD) Thin & Light Laptop",Electronics
fk-404,NCERT Chemistry Concepts for JEE Main & Advanced | CBSE Syllabus | With MCQs,Books & Education
fk-405,Anouk Women's Straight Kurta with Palazzo & Dupatta Set (Peach),Fashion
fk-406,The Psychology of Money by Morgan Housel,Books & Education
fk-407,Skechers Unisex-Adult Walking Shoes | Lace-Up | Lightweight (Blue),Fashion
fk-408,The Psychology of Money by Morgan Housel,Books & Education
fk-409,"Lenovo IdeaPad 1 (Apple M2, 16GB, 512GB SSD) Thin & Light Laptop",Electronics
fk-410,MDH Garam Masala 100g,Grocery & Household
fk-411,Pearson Mathematics Class 12 | CBSE Syllabus | With MCQs,Books & Education
fk-412,Belkin USB-C to USB-C 3m Braided Cable | 3A Fast Charging,Electronics
fk-413,Prestige 7.5L Hard Anodised Pressure Cooker - Induction Base | 10-Year Warranty,Home & Kitchen
fk-414,Lenovo V15 15.6 inch Laptop | Snapdragon 7c Gen 2 | 8GB RAM | 1TB SSD | Windows 11,Electronics
fk-415,Ambrane Dual Port 18W Charger + USB-C 1m Cable Combo,Electronics
fk-416,boAt Airdopes 141 with Mic | 42H Playtime | IPX5 Water-Resistant (Phantom Black),Electronics
fk-417,"Libas Women Ethnic Rayon Flared Kurti (Green, Free Size)",Fashion
fk-418,Preethi 500W Mixer Grinder with 3 Jars (White/Blue),Home & Kitchen
fk-419,S. Chand Physics Part-I Class 11 | CBSE Syllabus | With MCQs,Books & Education
fk-420,Roadster Men Regular Fit High-Rise Denim Jeans | Cotton Blend,Fashion
fk-421,Himalaya Biotin 10000mcg for Hair Growth - 60 Tablets,Sports & Fitness
fk-422,Janasya Anarkali Kurti for Women | Pure Cotton | Red,Fashion
fk-423,Cello Mechanical Pencil 0.5mm (Pack of 5),Baby & Kids
fk-424,Cengage Engineering Drawing (1st Year) | CBSE Syllabus | With MCQs,Books & Education
fk-425,Allen Solly Men's Oversized full-sleeve Round Neck T-Shirt (Rose Gold),Fashion
fk-426,Engage CEO Perfume for Women's (100ml),Beauty & Personal Care
fk-427,Allen Solly Men Printed T-Shirt - Slim Fit | 100% Cotton | Silver (Size XL),Fashion
fk-428,Mivi Rock X1 TWS Earbuds with Active Noise Cancellation,Electronics
fk-429,Boldfit Push-Up Board 9-in-1 Body Building,Sports & Fitness
fk-430,Borosil Omega Deluxe non-stick Dosa Tawa (24cm) | Sturdy Handle,Home & Kitchen
fk-431,Nivia Flexagon Energy 4 Men's Training Shoes - Red (UK 7),Sports & Fitness
fk-432,Maharaja Whiteline Rex 750W 4-Jar Mixer Grinder - #1 Best Seller,Home & Kitchen
fk-433,boAt Storm Call 2 | BT Calling | 100+ Sports Modes | SpO2 (Lavender),Electronics
fk-434,Biotique Vitamin C face cream (100ml),Beauty & Personal Care
fk-435,OnePlus 12R 5G 8GB/128GB - Silver,Electronics
fk-436,JBL Tune 230NC TWS TWS Earbuds with Active Noise Cancellation,Electronics
fk-437,Satrani Women's Georgette Saree with Blouse Piece with Unstitched Blouse | Red,Fashion
fk-438,Allen Solly Men's Oversized full-sleeve Polo T-Shirt (Starlight),Fashion
fk-439,NCERT Exemplar Problems-Solutions Mathematics Class 12 | Penguin,Books & Education
fk-440,Skechers Men's Sneakers - Red (UK 7),Fashion
fk-441,Solimo Flip-Lid Thermosteel Bottle (750ml) Pack of 3,Home & Kitchen
fk-442,Lizol Floor Cleaner 1L | Pine Fresh,Grocery & Household
fk-443,"MuscleBlaze Men's Ultraboost Running Shoes (Silver, UK 7)",Sports & Fitness
fk-444,Portronics 45W USB-C PD Charger Adapter | BIS Certified,Electronics
fk-445,Decathlon TPE Yoga Mat 4mm with Carry Strap - Eco Friendly (Pink),Sports & Fitness
fk-446,"HP 15s (Apple M2, 16GB, 512GB SSD) Thin & Light Laptop",Electronics
fk-447,Lakme anti-hair fall shampoo (200ml) | SLS-Free | Paraben-Free,Beauty & Personal Care
fk-448,Faber-Castell Oil Pastels 25 Shades,Baby & Kids
fk-449,Borosil Omega Deluxe granite-coated Dosa Tawa (24cm) | Sturdy Handle,Home & Kitchen
fk-450,Milton Omega Deluxe hard-anodised Fry Pan (26cm) | Sturdy Handle,Home & Kitchen
fk-451,Butterfly Popular Aluminium Pressure Cooker 3L | ISI Certified,Home & Kitchen
fk-452,Toyshine Remote Control Car 1:18 Scale - Rechargeable,Baby & Kids
fk-453,Samsung 20000mAh Power Bank with 22.5W Fast Charging (Black),Electronics
fk-454,MyProtein Biozyme Performance Whey 1kg - Double Chocolate,Sports & Fitness
fk-455,"Motorola Edge 40 Neo 5G (Rose Gold, 6GB/128GB)",Electronics
fk-456,Boldfit Pull-Up Bar Door Frame Mount,Sports & Fitness
fk-457,Bajaj granite-coated Roti Tawa 30cm with Induction Base,Home & Kitchen
fk-458,Pigeon non-stick Roti Tawa 28cm with Induction Base,Home & Kitchen
fk-459,Bajaj hard-anodised Wok 28cm with Induction Base,Home & Kitchen
fk-460,14000+ Objective Questions - General Studies | S. Chand,Books & Education
fk-461,Wild Stone Fresh Aqua Body Spray 100ml (Pack of 2),Beauty & Personal Care
fk-462,Ishin Cotton Blend Saree (Pink),Fashion
fk-463,"Acer Aspire Lite (Intel Core i5-1235U, 8GB, 256GB SSD) Thin & Light Laptop",Electronics
fk-464,"Noise Air Buds Pro 3 in-Ear Wireless Earbuds, 10mm Drivers",Electronics
fk-465,"Motorola POCO M6 Pro 5G (Blue, 8GB/128GB) | 50MP Triple Cam | 5000mAh",Electronics
fk-466,Signoraware Plastic Storage Container Set (250ml/500ml) - Pack of 3,Home & Kitchen
fk-467,Set Wet Intense Perfume for Women's (120ml),Beauty & Personal Care
fk-468,Himalaya Premium Pants Diapers - Medium (M) | 72 Count,Baby & Kids
fk-469,MuscleBlaze Whey Protein 4kg - Double Chocolate | 25g Protein/Serving,Sports & Fitness
fk-470,MDH Meat Masala 100g,Grocery & Household
fk-471,Ambrane Dual Port 25W Charger + Type-C 1m Cable Combo,Electronics
fk-472,"OnePlus 11R 5G (Red, 8GB/256GB) | 50MP Triple Cam | 5000mAh",Electronics
fk-473,Ambrane Pocket Power 20000mAh Li-Polymer | Dual USB-C | 22.5W PD,Electronics
fk-474,The Psychology of Money by Morgan Housel,Books & Education
fk-475,Nivea onion hair fall shampoo (100ml) | SLS-Free | Paraben-Free,Beauty & Personal Care
fk-476,Mamaearth Ultra-Light Aqua Gel Sunscreen SPF 30 | 50ml | Water-Resistant,Beauty & Personal Care
fk-477,Nivia Flexagon Energy 4 Men's Training Shoes - Green (UK 10),Sports & Fitness
fk-478,Hawkins hard-anodised Wok 24cm/28cm with Induction Base,Home & Kitchen
fk-479,Cello Thermosteel Flask 1L - Hot & Cold 24H | BPA Free,Home & Kitchen
fk-480,Quantitative Aptitude for Competitive Examinations | Drishti,Books & Education
fk-481,Atomic Habits by James Clear,Books & Education
fk-482,Acer Nitro V Snapdragon 7c Gen 2 14 inch FHD Laptop (8GB/512GB SSD),Electronics
fk-483,Asus TUF Gaming F15 Intel Core i3-1215U 14 inch FHD Laptop (8GB/512GB SSD),Electronics
fk-484,Engage Fresh Aqua Body Spray 120ml (Pack of 2),Beauty & Personal Care
fk-485,Objective General English by SP Bakshi (2024-25) | Arihant,Books & Education
fk-486,Peter England Men Polo T-Shirt - Slim Fit | 100% Cotton | Maroon (Size L),Fashion
fk-487,Borosil Stainless Steel Jar Set with Lid - 300ml/500ml/1000ml (Pack of 5),Home & Kitchen
fk-488,GNC Vitamin D3 + K2 Supplement 120 Capsules,Sports & Fitness
fk-489,"Prestige Kadhai - Hard-Anodised, 28cm, 3mm Thick Base",Home & Kitchen
fk-490,Fisher-Price Kitchen Play Set 30+ Accessories | BPA Free,Baby & Kids
fk-491,Badshah Pav Bhaji Masala 100g,Grocery & Household
fk-492,Mamaearth Vitamin C face cream (50ml),Beauty & Personal Care
fk-493,"OnePlus 11R 5G (Starlight, 4GB/64GB)",Electronics
fk-494,Milton Airtight Glass Container Combo | 500ml + 750ml + 1L | BPA Free,Home & Kitchen
fk-495,Libas Women's Straight Kurta with Palazzo & Dupatta Set (Teal),Fashion
fk-496,Signoraware Airtight Plastic Container Combo | 300ml/500ml/1000ml | BPA Free,Home & Kitchen
fk-497,The Kite Runner (Paperback),Books & Education
fk-498,Ambrane USB-C to USB-C 2m Braided Cable | 3A Fast Charging,Electronics
fk-499,Milton Airtight Glass Container Combo | 500ml + 750ml + 1L | BPA Free,Home & Kitchen
fk-500,Cengage Data Structures & Algorithms in C++ | CBSE Syllabus | With MCQs,Books & Education
